aunt,d,oba
aunt,d,oba
aunt,d,oba
aunt-chama,d,oba-chama
aunt-chan,d,oba-chan
aunt-chan,d,oba-chan
aunt-chan,d,oba-chan
aunt-chan,d,oba-chan
aunt-sama,d,oba-san
aunt-san,d,oba-san
aunt-san,d,oba-san
aunt-san,d,oba-san
aunt-san,d,oba-san
aunt-san,d,oba-san
child-san,d,kodomo-san
child-san,d,oko-san
cousins,d,itoko
cousins,d,itoko
cousins,d,itoko
cousins,d,itoko
cousins,d,itoko
cousins,d,itoko
daugther,d,musume
daugther,d,musume
daugther,d,musume
daugther,d,musume
daugther,d,musume
daugther,d,musume
daugther,d,musume
daugther,d,musume
daugther,d,musume
daugther,d,musume
father,d,chichioya
father-san,d,otou-san
father-san,d,oyaji-san
fatherandoldrbrother/gardian-san,d,fukei
grandchild,d,mago
grandchild,d,mago
grandchild,d,mago
grandchild,d,mago
grandchild,d,mago
grandchild,d,mago
grandchild,d,mago
grandchild,d,mago
grandchild,d,mago
grandchild,d,mago
grandchild,d,mago
grandchild,d,mago
grandchild,d,mago
grandchild-san,d,omago-san
grandfather-chan,d,ojii-chan
grandfather-san,d,ojii-san
grandfather-san,d,ojii-san
grandfather-san,d,ojii-san
grandfather-san,d,ojii-san
grandfather-san,d,ojii-san
grandfather-san,d,obaa-san
grandmother-chan,d,obaa-chan
grandmother-chan,d,obaa-chan
grandmother-chan,d,obaa-chan
grandmother-san,d,obaa-san
grandmother-san,d,obaa-san
grandmother-san,d,obaa-san
malesibling,d,kyoudai
malesibling,d,kyoudai
mother,d,mama
mother,d,mama
mother,d,hahaoya
mother,d,hahaoya
mother,d,hahaoya
mother,d,hahaoya
mother,d,hahaoya
mother,d,hahaoya
mother,d,hahaoya
mother-sama,d,okaa-sama
mother-sama,d,okaa-sama
mother-sama,d,okaa-sama
mother-san,d,okaa-san
mother-san,d,okaa-san
mother-san,d,okaa-san
mother-san,d,okaa-san
mother-san,d,okaa-san
mother-san,d,okaa-san
mother-san,d,okaa-san
mother-san,d,okaa-san
mother-san,d,okaa-san
olderbrother,d,ani
olderbrother,d,ani
olderbrother,d,ani
olderbrother,d,ani
olderbrother,d,ani
olderbrother,d,aniki
olderbrother,d,aniki
olderbrother-chan,d,onii-chan
olderbrother-san,d,onii-san
oldersisiter-chan,d,onee-chan
oldersister-chan,d,onee-chan
oldersister-chan,d,onee-chan
oldersister-san,d,onee-san
oldersister-san,d,onee-san
oldersister-san,d,one-san
oldersister-san,d,onee-san
parent,d,oya
parent,d,oya
parent,d,oya
parent,d,oya
parent,d,oya
parent,d,oya
parent,d,oya
parent,d,oya
parent,d,oya
parent,d,oya
parent,d,oya
parent,d,oya
parent,d,oya
parent,d,oya
parent,d,oya
parent-san,d,oyago-san
profligateson,d,doramusuko
sister,d,imouto
son,d,musuko
son,d,musuko
son,d,musuko
son,d,musuko
son,d,musuko
son,d,musuko
son,d,musuko
son,d,musuko
son,d,musuko
son,d,musuko
son-san,d,musuko-san
son-san,d,musuko-san
uncle-chan,d,oji-san
uncle-sama,d,oji-sama
uncle-san,d,oji-san
uncle-san,d,ojisan
uncle-san,d,oji-san
uncle-san,d,oji-san
uncle-san,d,oji-san
uncle-san,d,oji-san
uncle-san,d,oji-san
uncle-san,d,oji-san
uncle-san,d,oji-san
uncle-san,d,oji-san
wife,d,tsuma
wife,d,tsuma
wife-sama,d,oku-sama
wife-sama,d,oku-sama
wife-sama,d,oku-sama
wife-sama,d,oku-sama
wife-sama,d,oku-sama
wife-sama,d,oku-sama
wife-sama,d,oku-sama
wife-san,d,oku-san
wife-san,d,oku-san
wife-san,d,oku-san
wife-san,d,oku-san
wife-san,d,oku-san
yongersister,d,imouto
yongersister,d,imouto
youngerbrother,d,otouto
niece,d,meikko
grandmother-chan,s,obaa-chan
aunt-chan,s,oba-chan
bride-san,s,oyome-san
daugther,s,musume
daugther,s,musume
daugther,s,musume
daugther,s,musume
father-san,s,otou-san
grandfather-chan,s,ojii-chan
grandmother-san,s,obaa-san
husband,s,syujin
husband,s,syujin
malesibling,s,kyoudai
mother,s,haha
mother-san,s,okaa-san
mother-san,s,okaa-san
motherinlaw-san,s,osyuutome-san
olderbrother,s,ani
olderbrother,s,ani
olderbrother,s,ani
olderbrother,s,ani
oldersister,s,ane
oldersister,s,ane
son,s,musuko
son,s,musuko
son,s,musuko
yongersister,s,imouto
youngerbrother,s,okaa-san
,,
,,
,,
,,
,,
,,
,,
,,
,,
,,
,,
,,
,,
,,
,,
,,
,,
,,
,,
,,
,,
,,
,,
,,
,,
,,
,,
,,
,,
,,
,,
,,
,,
,,
,,
,,
,,
,,
,,
,,
,,
,,
,,
,,
,,
,,
,,
,,
,,
,,
,,
,,
,,
,,
,,
,,
,,
,,
,,
,,
,,
,,
,,
,,
,,
,,
,,
,,
,,
,,
,,
,,
,,
,,
,,
,,
,,
,,
,,
,,
,,
,,
,,
,,
,,
,,
,,
,,
,,
,,
,,
,,
,,
,,
,,
,,
,,
,,
,,
,,
,,
,,
,,
,,
,,
,,
,,
,,
,,
,,
,,
,,
,,
,,
,,
,,
,,
,,
,,
,,
,,
,,
,,
,,
,,
,,
,,
,,
,,
,,
,,
,,
,,
,,
,,
,,
,,
,,
,,
,,
,,
,,
,,
,,
,,
,,
,,
,,
,,
,,
,,
,,
,,
,,
,,
,,
,,
,,
,,
,,
,,
,,
,,
,,
,,
,,
,,
,,
,,
,,
,,
,,
,,
,,
,,
,,
,,
,,
,,
,,
,,
,,
,,
,,
,,
,,
,,
,,
,,
,,
,,
,,
,,
,,
,,
,,
,,
,,
,,
,,
,,
,,
,,
,,
,,
,,
,,
,,
,,
,,
,,
,,
,,
,,
,,
,,
,,
,,
,,
,,
,,
,,
,,
,,
,,
,,
,,
,,
,,
,,
,,
,,
,,
,,
,,
,,
,,
,,
,,
,,
,,
,,
,,
,,
,,
,,
,,
,,
,,
,,
,,
,,
,,
,,
,,
,,
,,
,,
,,
,,
,,
,,
,,
,,
,,
,,
,,
,,
,,
,,
,,
,,
,,
,,
,,
,,
,,
,,
,,
,,
,,
,,
,,
,,
,,
,,
,,
,,
,,
,,
,,
,,
,,
,,
,,
,,
,,
,,
,,
,,
,,
,,
,,
,,
,,
,,
,,
,,
,,
,,
,,
,,
,,
,,
,,
,,
,,
,,
,,
,,
,,
,,
,,
,,
,,
,,
,,
,,
,,
,,
,,
,,
,,
,,
,,
,,
,,
,,
,,
,,
,,
,,
,,
,,
,,
,,
,,
,,
,,
,,
,,
,,
,,
,,
,,
,,
,,
,,
,,
,,
,,
,,
,,
,,
,,
,,
,,
,,
,,
,,
,,
,,
,,
,,
,,
,,
,,
,,
,,
,,
,,
,,
,,
,,
,,
,,
,,
,,
,,
,,
,,
,,
,,
,,
,,
,,
,,
,,
,,
,,
,,
,,
,,
,,
,,
,,
,,
,,
,,
,,
,,
,,
,,
,,
,,
,,
,,
,,
,,
,,
,,
,,
,,
,,
,,
,,
,,
,,
,,
,,
,,
,,
,,
,,
,,
,,
,,
,,
,,
,,
,,
,,
,,
,,
,,
,,
,,
,,
,,
,,
,,
,,
,,
,,
,,
,,
,,
,,
,,
,,
,,
,,
,,
,,
,,
,,
,,
,,
,,
,,
,,
,,
,,
,,
,,
,,
,,
,,
,,
,,
,,
,,
,,
,,
,,
,,
,,
,,
,,
,,
,,
,,
,,
,,
,,
,,
,,
,,
,,
,,
,,
,,
,,
,,
,,
,,
,,
,,
,,
,,
,,
,,
,,
,,
,,
,,
,,
,,
,,
,,
,,
,,
,,
,,
,,
,,
,,
,,
,,
,,
,,
,,
,,
,,
,,
,,
,,
,,
,,
,,
,,
,,
,,
,,
,,
,,
,,
,,
,,
,,
,,
,,
,,
,,
,,
,,
,,
,,
,,
,,
,,
,,
,,
,,
,,
,,
,,
,,
,,
,,
,,
,,
,,
,,
,,
,,
,,
,,
,,
,,
,,
,,
,,
,,
,,
,,
,,
,,
,,
,,
,,
,,
,,
,,
,,
,,
,,
,,
,,
,,
,,
,,
,,
,,
,,
,,
,,
,,
,,
,,
,,
,,
,,
,,
,,
,,
,,
,,
,,
,,
,,
,,
,,
,,
,,
,,
,,
,,
,,
,,
,,
,,
,,
,,
,,
,,
,,
,,
,,
,,
,,
,,
,,
,,
,,
,,
,,
,,
,,
,,
,,
,,
,,
,,
,,
,,
,,
,,
,,
,,
,,
,,
,,
,,
,,
,,
,,
,,
,,
,,
,,
,,
,,
,,
,,
,,
,,
,,
,,
,,
,,
,,
,,
,,
,,
,,
,,
,,
,,
,,
,,
,,
,,
,,
,,
,,
,,
,,
,,
,,
,,
,,
,,
,,
,,
,,
,,
,,
,,
,,
,,
,,
,,
,,
,,
,,
,,
,,
,,
,,
,,
,,
,,
,,
,,
,,
,,
,,
,,
,,
,,
,,
,,
,,
,,
,,
,,
,,
,,
,,
,,
,,
,,
,,
,,
,,
,,
,,
,,
,,
,,
,,
,,
,,
,,
,,
,,
,,
,,
,,
,,
,,
,,
,,
,,
,,
,,
,,
,,
,,
,,
,,
,,
,,
,,
,,
,,
,,
,,
,,
,,
,,
,,
,,
,,
,,
,,
,,
,,
,,
,,
,,
,,
,,
,,
,,
,,
,,
,,
,,
,,
,,
,,
,,
,,
,,
,,
,,
,,
,,